{"type":"FeatureCollection","features":[{"type":"Feature","id":1,"geometry":{"type":"Point","coordinates":[38.321759579000059,40.915476316000024]},"properties":{"OBJECTID":1,"KAPI_ID":null,"FAKULTE_ID":"FEF01","KAPI_ADI":"DEKANLIK"}},{"type":"Feature","id":2,"geometry":{"type":"Point","coordinates":[38.321609597000077,40.915462623000053]},"properties":{"OBJECTID":2,"KAPI_ID":null,"FAKULTE_ID":"FEF01","KAPI_ADI":"ÖĞRENCİ GİRİŞİ"}},{"type":"Feature","id":3,"geometry":{"type":"Point","coordinates":[38.321424369000056,40.915286749000074]},"properties":{"OBJECTID":3,"KAPI_ID":null,"FAKULTE_ID":null,"KAPI_ADI":"ÖĞRENCİ GİRİŞİ"}},{"type":"Feature","id":4,"geometry":{"type":"Point","coordinates":[38.321401243000025,40.91514774400008]},"properties":{"OBJECTID":4,"KAPI_ID":null,"FAKULTE_ID":null,"KAPI_ADI":"DEKANLIK"}},{"type":"Feature","id":5,"geometry":{"type":"Point","coordinates":[38.32152972800003,40.91456263300006]},"properties":{"OBJECTID":5,"KAPI_ID":null,"FAKULTE_ID":null,"KAPI_ADI":null}},{"type":"Feature","id":6,"geometry":{"type":"Point","coordinates":[38.321691200000032,40.91442076800007]},"properties":{"OBJECTID":6,"KAPI_ID":null,"FAKULTE_ID":null,"KAPI_ADI":null}},{"type":"Feature","id":7,"geometry":{"type":"Point","coordinates":[38.321811924000031,40.914268442000036]},"properties":{"OBJECTID":7,"KAPI_ID":null,"FAKULTE_ID":null,"KAPI_ADI":null}},{"type":"Feature","id":8,"geometry":{"type":"Point","coordinates":[38.320982430000072,40.913955423000061]},"properties":{"OBJECTID":8,"KAPI_ID":null,"FAKULTE_ID":"CAMI01","KAPI_ADI":"GİRİS"}},{"type":"Feature","id":9,"geometry":{"type":"Point","coordinates":[38.321384409000075,40.914000477000059]},"properties":{"OBJECTID":9,"KAPI_ID":null,"FAKULTE_ID":"CAMI01","KAPI_ADI":null}},{"type":"Feature","id":10,"geometry":{"type":"Point","coordinates":[38.320784607000064,40.914188621000051]},"properties":{"OBJECTID":10,"KAPI_ID":null,"FAKULTE_ID":null,"KAPI_ADI":null}},{"type":"Feature","id":11,"geometry":{"type":"Point","coordinates":[38.32198375300004,40.915807613000027]},"properties":{"OBJECTID":11,"KAPI_ID":null,"FAKULTE_ID":"FEF01","KAPI_ADI":"YEMEKHANE GİRİŞ"}},{"type":"Feature","id":12,"geometry":{"type":"Point","coordinates":[38.320981718000041,40.914976502000059]},"properties":{"OBJECTID":12,"KAPI_ID":null,"FAKULTE_ID":null,"KAPI_ADI":null}},{"type":"Feature","id":13,"geometry":{"type":"Point","coordinates":[38.32180489600006,40.914927689000081]},"properties":{"OBJECTID":13,"KAPI_ID":null,"FAKULTE_ID":null,"KAPI_ADI":null}},{"type":"Feature","id":14,"geometry":{"type":"Point","coordinates":[38.322367890000066,40.914998359000037]},"properties":{"OBJECTID":14,"KAPI_ID":null,"FAKULTE_ID":null,"KAPI_ADI":null}},{"type":"Feature","id":15,"geometry":{"type":"Point","coordinates":[38.322337161000064,40.914834323000036]},"properties":{"OBJECTID":15,"KAPI_ID":null,"FAKULTE_ID":null,"KAPI_ADI":null}},{"type":"Feature","id":16,"geometry":{"type":"Point","coordinates":[38.322970723000026,40.915299420000053]},"properties":{"OBJECTID":16,"KAPI_ID":null,"FAKULTE_ID":null,"KAPI_ADI":"GİRİŞ"}},{"type":"Feature","id":17,"geometry":{"type":"Point","coordinates":[38.322441859000037,40.915477171000077]},"properties":{"OBJECTID":17,"KAPI_ID":null,"FAKULTE_ID":null,"KAPI_ADI":"KANTİN"}},{"type":"Feature","id":18,"geometry":{"type":"Point","coordinates":[38.322487306000028,40.91561975500008]},"properties":{"OBJECTID":18,"KAPI_ID":null,"FAKULTE_ID":null,"KAPI_ADI":"KÜTÜPHANE"}},{"type":"Feature","id":19,"geometry":{"type":"Point","coordinates":[38.322567019000076,40.915397202000065]},"properties":{"OBJECTID":19,"KAPI_ID":null,"FAKULTE_ID":null,"KAPI_ADI":"DİĞER"}},{"type":"Feature","id":20,"geometry":{"type":"Point","coordinates":[38.322193049000077,40.916302793000057]},"properties":{"OBJECTID":20,"KAPI_ID":null,"FAKULTE_ID":null,"KAPI_ADI":"REKTÖRLÜK GİRİŞ"}},{"type":"Feature","id":21,"geometry":{"type":"Point","coordinates":[38.321925434000036,40.916321972000048]},"properties":{"OBJECTID":21,"KAPI_ID":null,"FAKULTE_ID":null,"KAPI_ADI":"SALON GİRİŞ"}},{"type":"Feature","id":22,"geometry":{"type":"Point","coordinates":[38.323014651000051,40.914489269000057]},"properties":{"OBJECTID":22,"KAPI_ID":null,"FAKULTE_ID":null,"KAPI_ADI":"ÖĞRENCİ GİRİŞİ"}},{"type":"Feature","id":23,"geometry":{"type":"Point","coordinates":[38.323260072000039,40.914615641000069]},"properties":{"OBJECTID":23,"KAPI_ID":null,"FAKULTE_ID":null,"KAPI_ADI":"DEKANLIK"}},{"type":"Feature","id":24,"geometry":{"type":"Point","coordinates":[38.325012189000063,40.914609592000033]},"properties":{"OBJECTID":24,"KAPI_ID":null,"FAKULTE_ID":null,"KAPI_ADI":"GİRİŞ"}},{"type":"Feature","id":25,"geometry":{"type":"Point","coordinates":[38.325316867000026,40.914700287000073]},"properties":{"OBJECTID":25,"KAPI_ID":null,"FAKULTE_ID":null,"KAPI_ADI":"GİRİŞ"}},{"type":"Feature","id":26,"geometry":{"type":"Point","coordinates":[38.325336781000033,40.914900511000042]},"properties":{"OBJECTID":26,"KAPI_ID":null,"FAKULTE_ID":null,"KAPI_ADI":"GİRİŞ"}},{"type":"Feature","id":27,"geometry":{"type":"Point","coordinates":[38.325083712000037,40.91493631000003]},"properties":{"OBJECTID":27,"KAPI_ID":null,"FAKULTE_ID":null,"KAPI_ADI":"GİRİŞ"}},{"type":"Feature","id":28,"geometry":{"type":"Point","coordinates":[38.324833156000068,40.914994225000044]},"properties":{"OBJECTID":28,"KAPI_ID":null,"FAKULTE_ID":null,"KAPI_ADI":"GİRİŞ"}},{"type":"Feature","id":29,"geometry":{"type":"Point","coordinates":[38.32459293900007,40.915073251000081]},"properties":{"OBJECTID":29,"KAPI_ID":null,"FAKULTE_ID":null,"KAPI_ADI":"GİRİŞ"}},{"type":"Feature","id":30,"geometry":{"type":"Point","coordinates":[38.320924081000044,40.91635683800007]},"properties":{"OBJECTID":30,"KAPI_ID":null,"FAKULTE_ID":null,"KAPI_ADI":"GİRİŞ"}},{"type":"Feature","id":31,"geometry":{"type":"Point","coordinates":[38.321110586000032,40.916436995000026]},"properties":{"OBJECTID":31,"KAPI_ID":null,"FAKULTE_ID":null,"KAPI_ADI":"KANTİN"}},{"type":"Feature","id":32,"geometry":{"type":"Point","coordinates":[38.321037431000036,40.916278223000063]},"properties":{"OBJECTID":32,"KAPI_ID":null,"FAKULTE_ID":null,"KAPI_ADI":"ACİL ÇIKIŞ"}},{"type":"Feature","id":33,"geometry":{"type":"Point","coordinates":[38.321271205000073,40.916565995000042]},"properties":{"OBJECTID":33,"KAPI_ID":null,"FAKULTE_ID":null,"KAPI_ADI":null}},{"type":"Feature","id":34,"geometry":{"type":"Point","coordinates":[38.323495206000075,40.914128098000049]},"properties":{"OBJECTID":34,"KAPI_ID":null,"FAKULTE_ID":null,"KAPI_ADI":null}},{"type":"Feature","id":35,"geometry":{"type":"Point","coordinates":[38.323666610000032,40.914090501000032]},"properties":{"OBJECTID":35,"KAPI_ID":null,"FAKULTE_ID":null,"KAPI_ADI":null}},{"type":"Feature","id":36,"geometry":{"type":"Point","coordinates":[38.325771670000051,40.915020530000049]},"properties":{"OBJECTID":36,"KAPI_ID":null,"FAKULTE_ID":null,"KAPI_ADI":"GİRİŞ"}},{"type":"Feature","id":37,"geometry":{"type":"Point","coordinates":[38.32399386600008,40.914505556000051]},"properties":{"OBJECTID":37,"KAPI_ID":null,"FAKULTE_ID":"BİDB01","KAPI_ADI":"GİRİŞ"}},{"type":"Feature","id":38,"geometry":{"type":"Point","coordinates":[38.322689638000043,40.914877208000064]},"properties":{"OBJECTID":38,"KAPI_ID":null,"FAKULTE_ID":null,"KAPI_ADI":null}},{"type":"Feature","id":39,"geometry":{"type":"Point","coordinates":[38.323041738000029,40.914733415000057]},"properties":{"OBJECTID":39,"KAPI_ID":null,"FAKULTE_ID":null,"KAPI_ADI":null}}]}